Category,Term,Count,Percent,Fold,P-value,Bonferroni,FDR
Transcription factor,GTF2I,57,0.13163972,2.11939954,0,2.32E-06,2.32E-06
Transcription factor,EIF2C2,8,0.72727273,11.70909091,0.00000477,2.30E-03,8.27E-04
Transcription factor,LIN28,7,0.875,14.0875,0.00000856,4.14E-03,8.27E-04
Transcription factor,LIN28B,7,0.875,14.0875,0.00000856,4.14E-03,8.27E-04
Transcription factor,TRIM32,7,0.875,14.0875,0.00000856,4.14E-03,8.27E-04
Transcription factor,MITF,25,0.16447368,2.64802632,0.00001474,7.12E-03,1.09E-03
Transcription factor,TGFB1,11,0.35483871,5.71290323,0.0000158,7.63E-03,1.09E-03
Transcription factor,NFKB1,40,0.11940299,1.92238806,0.00003279,0.0158,1.98E-03
Transcription factor,E2F7,9,0.34615385,5.57307692,0.00011502,0.0556,6.06E-03
Transcription factor,STAT5,8,0.4,6.44,0.00012539,0.0606,6.06E-03
Transcription factor,TBP,67,0.08909574,1.43444149,0.00020455,0.0988,8.98E-03
Transcription factor,DNMT1,7,0.41176471,6.62941176,0.00029556,0.1428,0.0119
Transcription factor,E2F1,77,0.08235294,1.32588235,0.00052816,0.2551,0.0179
Transcription factor,NKX2-5,5,0.625,10.0625,0.00055474,0.2679,0.0179
Transcription factor,ZEB2,6,0.46153846,7.43076923,0.00051096,0.2468,0.0179
Transcription factor,RELA,73,0.08239278,1.3265237,0.0009785,0.4726,0.0295
Transcription factor,SMAD3,23,0.12707182,2.04585635,0.00112798,0.5448,0.032
Transcription factor,TWIST1,7,0.30434783,4.9,0.00129487,0.6254,0.0347
Transcription factor,YY1,66,0.08375635,1.34847716,0.00160224,0.7739,0.0407
Transcription factor,MAPK14,4,0.66666667,10.73333333,0.00177517,0.8574,0.0408
Transcription factor,TLX3,4,0.66666667,10.73333333,0.00177517,0.8574,0.0408
Transcription factor,BMPR1A,4,0.57142857,9.2,0.0026644,1,0.0585
Transcription factor,MYC,89,0.07504216,1.20817875,0.00287139,1,0.0603
Transcription factor,SMAD2,7,0.25,4.025,0.00334873,1,0.0674
Transcription factor,FOXP3,4,0.5,8.05,0.00381759,1,0.0738
Transcription factor,BRD3,36,0.0952381,1.53333333,0.00543499,1,0.0938
Transcription factor,CEBPB,71,0.07871397,1.2672949,0.00518723,1,0.0938
Transcription factor,FOXO3,4,0.44444444,7.15555556,0.00526774,1,0.0938
Transcription factor,AKT2,3,0.75,12.075,0.00574184,1,0.0956
Transcription factor,STAT1,72,0.07792208,1.25454545,0.00623016,1,0.1003
Transcription factor,ASCL2,3,0.6,9.66,0.00879767,1,0.1048
Transcription factor,BMP4,3,0.6,9.66,0.00879767,1,0.1048
Transcription factor,E2F2,4,0.4,6.44,0.0070457,1,0.1048
Transcription factor,EHMT2,6,0.23076923,3.71538462,0.00911599,1,0.1048
Transcription factor,HEY1,66,0.07885305,1.26953405,0.00826905,1,0.1048
Transcription factor,PELP1,3,0.6,9.66,0.00879767,1,0.1048
Transcription factor,PHF8,68,0.07852194,1.26420323,0.00758209,1,0.1048
Transcription factor,RBL2,8,0.19047619,3.06666667,0.0072985,1,0.1048
Transcription factor,SIP1,3,0.6,9.66,0.00879767,1,0.1048
Transcription factor,SREBF2,7,0.20588235,3.31470588,0.00835599,1,0.1048
Transcription factor,TP53,48,0.0855615,1.37754011,0.00825263,1,0.1048
Transcription factor,UBTF,20,0.11235955,1.80898876,0.00891271,1,0.1048
Transcription factor,SUPT5H,53,0.08255452,1.32912773,0.01010473,1,0.1135
Transcription factor,GATA1,62,0.07928389,1.27647059,0.01054464,1,0.1144
Transcription factor,HDAC4,5,0.26315789,4.23684211,0.01089498,1,0.1144
Transcription factor,PRDM1,7,0.19444444,3.13055556,0.01086716,1,0.1144
Transcription factor,TAF1,70,0.07675439,1.23574561,0.01146389,1,0.1178
Transcription factor,CCND1,3,0.5,8.05,0.0126389,1,0.1197
Transcription factor,HOXA10,3,0.5,8.05,0.0126389,1,0.1197
Transcription factor,MNT,3,0.5,8.05,0.0126389,1,0.1197
Transcription factor,PIM1,3,0.5,8.05,0.0126389,1,0.1197
Transcription factor,E2F3,22,0.1042654,1.67867299,0.01330438,1,0.1236
Transcription factor,AP-1,4,0.30769231,4.95384615,0.01461519,1,0.1307
Transcription factor,LDB1,13,0.12745098,2.05196078,0.01439365,1,0.1307
Transcription factor,USF1,48,0.08247423,1.32783505,0.01625776,1,0.1428
Transcription factor,GFI1,2,1,16.1,0.01882908,1,0.1444
Transcription factor,HES1,3,0.42857143,6.9,0.01729478,1,0.1444
Transcription factor,HOXD10,2,1,16.1,0.01882908,1,0.1444
Transcription factor,KDM5B,81,0.07297297,1.17486486,0.01838189,1,0.1444
Transcription factor,NRF1,53,0.08042489,1.29484067,0.01696934,1,0.1444
Transcription factor,REL,2,1,16.1,0.01882908,1,0.1444
Transcription factor,SNAI1,4,0.28571429,4.6,0.01795854,1,0.1444
Transcription factor,TAF15,2,1,16.1,0.01882908,1,0.1444
Transcription factor,EED,5,0.2173913,3.5,0.02089266,1,0.1577
Transcription factor,TEAD4,46,0.08199643,1.3201426,0.02127348,1,0.1581
Transcription factor,SMAD4,7,0.16666667,2.68333333,0.0216592,1,0.1585
Transcription factor,EGR1,63,0.07636364,1.22945455,0.02277323,1,0.1642
Transcription factor,SOX2,23,0.09663866,1.55588235,0.02476528,1,0.1759
Transcription factor,CDKN1A,2,0.66666667,10.73333333,0.03018876,1,0.1869
Transcription factor,FOXF2,2,0.66666667,10.73333333,0.03018876,1,0.1869
Transcription factor,FSH,2,0.66666667,10.73333333,0.03018876,1,0.1869
Transcription factor,IL1B,2,0.66666667,10.73333333,0.03018876,1,0.1869
Transcription factor,IL6,3,0.33333333,5.36666667,0.02910236,1,0.1869
Transcription factor,KHSRP,2,0.66666667,10.73333333,0.03018876,1,0.1869
Transcription factor,PTEN,3,0.33333333,5.36666667,0.02910236,1,0.1869
Transcription factor,SRSF1,2,0.66666667,10.73333333,0.03018876,1,0.1869
Transcription factor,TAZ,2,0.66666667,10.73333333,0.03018876,1,0.1869
Transcription factor,TRIM28,70,0.07399577,1.19133192,0.02871788,1,0.1869
Transcription factor,GTF2B,28,0.08888889,1.43111111,0.03403947,1,0.2081
Transcription factor,EGFR,2,0.5,8.05,0.04356982,1,0.255
Transcription factor,LARP7,66,0.07341491,1.18197998,0.04382223,1,0.255
Transcription factor,SLUG,2,0.5,8.05,0.04356982,1,0.255
Transcription factor,TLR2,2,0.5,8.05,0.04356982,1,0.255
Transcription factor,GATA2,39,0.08024691,1.29197531,0.04875299,1,0.2803
Transcription factor,STAT5A,11,0.1122449,1.80714286,0.04953126,1,0.2815
Transcription factor,BHLHE40,42,0.07894737,1.27105263,0.05029266,1,0.2825
Transcription factor,HIF1A,79,0.07053571,1.135625,0.05375523,1,0.2838
Transcription factor,MAFF,18,0.09473684,1.52526316,0.05352029,1,0.2838
Transcription factor,NR1H4,3,0.25,4.025,0.05297795,1,0.2838
Transcription factor,NR2F2,38,0.08,1.288,0.05405719,1,0.2838
Transcription factor,STAT5B,12,0.10810811,1.74054054,0.05121289,1,0.2838
Transcription factor,ZNF143,61,0.07376058,1.18754534,0.0523092,1,0.2838
Transcription factor,AKT1,2,0.4,6.44,0.05870101,1,0.2864
Transcription factor,HMGA1,2,0.4,6.44,0.05870101,1,0.2864
Transcription factor,HMGN3,15,0.09868421,1.58881579,0.05773409,1,0.2864
Transcription factor,HNF1B,7,0.13207547,2.12641509,0.05736596,1,0.2864
Transcription factor,HOXA9,2,0.4,6.44,0.05870101,1,0.2864
Transcription factor,HSF2,2,0.4,6.44,0.05870101,1,0.2864
Transcription factor,SIX1,2,0.4,6.44,0.05870101,1,0.2864
Transcription factor,PAF1,9,0.11688312,1.88181818,0.05999508,1,0.2898
Transcription factor,SUMO2,55,0.07432432,1.19662162,0.06186751,1,0.2901
Transcription factor,TAL1,61,0.07314149,1.17757794,0.06122101,1,0.2901
Transcription factor,ZNF750,11,0.10784314,1.73627451,0.06154912,1,0.2901
Transcription factor,TRRAP,3,0.23076923,3.71538462,0.06250469,1,0.2903
Transcription factor,BRCA1,22,0.088,1.4168,0.06462213,1,0.2973
Transcription factor,RCOR1,28,0.08284024,1.33372781,0.07027458,1,0.3202
Transcription factor,MEN1,2,0.33333333,5.36666667,0.07533546,1,0.3369
Transcription factor,NF-Y,2,0.33333333,5.36666667,0.07533546,1,0.3369
Transcription factor,CCNT2,22,0.0859375,1.38359375,0.07852665,1,0.348
Transcription factor,NR4A1,8,0.11428571,1.84,0.08143909,1,0.3576
Transcription factor,MLL-AF4,3,0.2,3.22,0.08372836,1,0.3643
Transcription factor,ESR2,5,0.13888889,2.23611111,0.08740363,1,0.3757
Transcription factor,MAFK,26,0.08201893,1.32050473,0.08789767,1,0.3757
Transcription factor,BRD7,2,0.28571429,4.6,0.09324876,1,0.3815
Transcription factor,EPAS1,5,0.13513514,2.17567568,0.09478869,1,0.3815
Transcription factor,JUN,51,0.07338129,1.18143885,0.09027501,1,0.3815
Transcription factor,KDM3A,5,0.13513514,2.17567568,0.09478869,1,0.3815
Transcription factor,KLF4,11,0.1,1.61,0.09101819,1,0.3815
Transcription factor,NFATC3,2,0.28571429,4.6,0.09324876,1,0.3815
Transcription factor,ZBTB16,5,0.13513514,2.17567568,0.09478869,1,0.3815
Transcription factor,NELFE,34,0.07744875,1.24692483,0.09787773,1,0.3907
Transcription factor,ASXL1,38,0.0758483,1.22115768,0.10202013,1,0.4029
Transcription factor,NFIC,34,0.07709751,1.24126984,0.1025957,1,0.4029
Transcription factor,CREB1,66,0.07013815,1.12922423,0.10669764,1,0.4156
Transcription factor,ESR1,80,0.06831768,1.0999146,0.10996817,1,0.4215
Transcription factor,SAP30,9,0.10227273,1.64659091,0.10914835,1,0.4215
Transcription factor,FOXH1,8,0.10526316,1.69473684,0.11347872,1,0.4255
Transcription factor,GATA3,65,0.0700431,1.12769397,0.11306647,1,0.4255
Transcription factor,ZBTB33,13,0.0915493,1.47394366,0.11364193,1,0.4255
Transcription factor,ATF2,29,0.07774799,1.25174263,0.1197611,1,0.4433
Transcription factor,KLF5,23,0.08070175,1.29929825,0.12024166,1,0.4433
Transcription factor,CHD1,11,0.09401709,1.51367521,0.12290213,1,0.4471
Transcription factor,IRF3,4,0.13793103,2.22068966,0.1231134,1,0.4471
Transcription factor,FOXP1,8,0.1025641,1.65128205,0.12550181,1,0.4523
Transcription factor,RNF2,5,0.12195122,1.96341463,0.12736076,1,0.4523
Transcription factor,TLX1,5,0.12195122,1.96341463,0.12736076,1,0.4523
Transcription factor,AR,77,0.06736658,1.08460192,0.16166279,1,0.4541
Transcription factor,CDK4,1,0.5,8.05,0.16545487,1,0.4541
Transcription factor,CEBPD,16,0.08205128,1.32102564,0.16297352,1,0.4541
Transcription factor,CTNNB1,8,0.10126582,1.63037975,0.1317575,1,0.4541
Transcription factor,DDX6,1,0.5,8.05,0.16545487,1,0.4541
Transcription factor,EGR2,1,0.5,8.05,0.16545487,1,0.4541
Transcription factor,EHF,2,0.2,3.22,0.1527192,1,0.4541
Transcription factor,ETS1,48,0.07111111,1.14488889,0.15207279,1,0.4541
Transcription factor,ETS2,1,0.5,8.05,0.16545487,1,0.4541
Transcription factor,FGF21,1,0.5,8.05,0.16545487,1,0.4541
Transcription factor,FOSB,1,0.5,8.05,0.16545487,1,0.4541
Transcription factor,GLI1,1,0.5,8.05,0.16545487,1,0.4541
Transcription factor,HOXB7,1,0.5,8.05,0.16545487,1,0.4541
Transcription factor,HOXC9,4,0.125,2.0125,0.15548936,1,0.4541
Transcription factor,IFNB1,1,0.5,8.05,0.16545487,1,0.4541
Transcription factor,IFNG,1,0.5,8.05,0.16545487,1,0.4541
Transcription factor,IL4,1,0.5,8.05,0.16545487,1,0.4541
Transcription factor,JAG1,1,0.5,8.05,0.16545487,1,0.4541
Transcription factor,KDM4C,29,0.07552083,1.21588542,0.15383984,1,0.4541
Transcription factor,KLF8,1,0.5,8.05,0.16545487,1,0.4541
Transcription factor,MAX,88,0.0668693,1.07659574,0.13689863,1,0.4541
Transcription factor,MEIS1,2,0.22222222,3.57777778,0.13211639,1,0.4541
Transcription factor,MUC1,1,0.5,8.05,0.16545487,1,0.4541
Transcription factor,N1ICD,1,0.5,8.05,0.16545487,1,0.4541
Transcription factor,NFE2,48,0.07174888,1.15515695,0.13619023,1,0.4541
Transcription factor,PAX4,1,0.5,8.05,0.16545487,1,0.4541
Transcription factor,PLK1,1,0.5,8.05,0.16545487,1,0.4541
Transcription factor,PSMD9,1,0.5,8.05,0.16545487,1,0.4541
Transcription factor,REPIN1,1,0.5,8.05,0.16545487,1,0.4541
Transcription factor,RREB1,1,0.5,8.05,0.16545487,1,0.4541
Transcription factor,SMAD1,31,0.07451923,1.19975962,0.16000961,1,0.4541
Transcription factor,SMARCA4,7,0.10606061,1.70757576,0.13049369,1,0.4541
Transcription factor,SNAI2,40,0.0729927,1.17518248,0.14394129,1,0.4541
Transcription factor,SPRR2A,1,0.5,8.05,0.16545487,1,0.4541
Transcription factor,SRC,1,0.5,8.05,0.16545487,1,0.4541
Transcription factor,STAT6,1,0.5,8.05,0.16545487,1,0.4541
Transcription factor,TFAP2C,57,0.06959707,1.12051282,0.15799291,1,0.4541
Transcription factor,TNF,2,0.2,3.22,0.1527192,1,0.4541
Transcription factor,TTF1,1,0.5,8.05,0.16545487,1,0.4541
Transcription factor,ZNF486,1,0.5,8.05,0.16545487,1,0.4541
Transcription factor,LEO1,20,0.07874016,1.26771654,0.16728943,1,0.4565
Transcription factor,E2F4,31,0.07398568,1.19116945,0.1701572,1,0.4617
Transcription factor,ARID1A,2,0.18181818,2.92727273,0.17389491,1,0.464
Transcription factor,HNF4A,22,0.07719298,1.24280702,0.17369202,1,0.464
Transcription factor,SOX10,2,0.18181818,2.92727273,0.17389491,1,0.464
Transcription factor,RELB,3,0.13636364,2.19545455,0.17657621,1,0.4686
Transcription factor,HDAC1,20,0.07782101,1.25291829,0.18014424,1,0.4729
Transcription factor,ICE1,8,0.09302326,1.49767442,0.17985142,1,0.4729
Transcription factor,CTCFL,59,0.06844548,1.10197216,0.18989869,1,0.4958
Transcription factor,RFX5,18,0.07826087,1.26,0.19109828,1,0.4962
Transcription factor,AFF4,11,0.08461538,1.36230769,0.19658432,1,0.4965
Transcription factor,ARNTL,55,0.06832298,1.1,0.21077696,1,0.4965
Transcription factor,CBX4,1,0.33333333,5.36666667,0.21433013,1,0.4965
Transcription factor,CDKN2A,1,0.33333333,5.36666667,0.21433013,1,0.4965
Transcription factor,CHD2,37,0.07101727,1.14337812,0.2053671,1,0.4965
Transcription factor,CUX1,4,0.10810811,1.74054054,0.21543265,1,0.4965
Transcription factor,EGR3,1,0.33333333,5.36666667,0.21433013,1,0.4965
Transcription factor,FLI1,60,0.06818182,1.09772727,0.19607779,1,0.4965
Transcription factor,FOXK1,5,0.1,1.61,0.21585991,1,0.4965
Transcription factor,FUS,3,0.125,2.0125,0.20696955,1,0.4965
Transcription factor,LMO3,5,0.1,1.61,0.21585991,1,0.4965
Transcription factor,MEF2C,4,0.11111111,1.78888889,0.20294201,1,0.4965
Transcription factor,NCOR1,10,0.08547009,1.37606838,0.20378696,1,0.4965
Transcription factor,NFYA,29,0.0723192,1.16433915,0.21676419,1,0.4965
Transcription factor,NR3C2,1,0.33333333,5.36666667,0.21433013,1,0.4965
Transcription factor,PBX2,1,0.33333333,5.36666667,0.21433013,1,0.4965
Transcription factor,RUNX3,49,0.06920904,1.11426554,0.2040483,1,0.4965
Transcription factor,SIRT1,1,0.33333333,5.36666667,0.21433013,1,0.4965
Transcription factor,SON,1,0.33333333,5.36666667,0.21433013,1,0.4965
Transcription factor,TLR4,1,0.33333333,5.36666667,0.21433013,1,0.4965
Transcription factor,USF2,20,0.0754717,1.21509434,0.21689073,1,0.4965
Transcription factor,ZBTB7A,38,0.0707635,1.13929236,0.20719946,1,0.4965
Transcription factor,ZIC1,1,0.33333333,5.36666667,0.21433013,1,0.4965
Transcription factor,ZNF274,2,0.16666667,2.68333333,0.19550768,1,0.4965
Transcription factor,ZNF384,15,0.0802139,1.29144385,0.1949073,1,0.4965
Transcription factor,HIRA,3,0.12,1.932,0.22259264,1,0.5001
Transcription factor,KDM5C,3,0.12,1.932,0.22259264,1,0.5001
Transcription factor,PBX1,35,0.0708502,1.14068826,0.21980259,1,0.5001
Transcription factor,TFAP2A,56,0.06796117,1.09417476,0.22093074,1,0.5001
Transcription factor,MAZ,60,0.06749156,1.08661417,0.22482046,1,0.5027
Transcription factor,KLF6,4,0.10526316,1.69473684,0.22813201,1,0.5031
Transcription factor,PML,30,0.07159905,1.15274463,0.22771046,1,0.5031
Transcription factor,WWTR1,4,0.10526316,1.69473684,0.22813201,1,0.5031
Transcription factor,ZEB1,13,0.07926829,1.27621951,0.22958863,1,0.5041
Transcription factor,BCOR,34,0.07039337,1.13333333,0.23713338,1,0.5144
Transcription factor,GATA4,29,0.07142857,1.15,0.23748501,1,0.5144
Transcription factor,PAX5,20,0.07434944,1.19702602,0.23652585,1,0.5144
Transcription factor,ERG,77,0.06586826,1.06047904,0.24296391,1,0.5223
Transcription factor,SREBF1,7,0.0875,1.40875,0.24331564,1,0.5223
Transcription factor,EP400,7,0.08641975,1.39135802,0.25240205,1,0.5298
Transcription factor,HOXB13,6,0.08955224,1.44179104,0.25199366,1,0.5298
Transcription factor,INTS13,4,0.1,1.61,0.25407256,1,0.5298
Transcription factor,LEF1,3,0.11111111,1.78888889,0.25448671,1,0.5298
Transcription factor,NCOR2,5,0.09433962,1.51886792,0.24894609,1,0.5298
Transcription factor,ORC2,3,0.11111111,1.78888889,0.25448671,1,0.5298
Transcription factor,ZNF83,4,0.1,1.61,0.25407256,1,0.5298
Transcription factor,BRD9,1,0.25,4.025,0.26036548,1,0.5351
Transcription factor,ETV4,1,0.25,4.025,0.26036548,1,0.5351
Transcription factor,KLF3,1,0.25,4.025,0.26036548,1,0.5351
Transcription factor,SETDB1,6,0.08823529,1.42058824,0.26209668,1,0.5364
Transcription factor,JUND,55,0.06699147,1.07856273,0.26611284,1,0.5401
Transcription factor,STAG1,42,0.06829268,1.0995122,0.26525418,1,0.5401
Transcription factor,ZBTB48,11,0.07746479,1.2471831,0.27862032,1,0.5631
Transcription factor,FOXP2,4,0.0952381,1.53333333,0.28059689,1,0.5647
Transcription factor,NR3C1,49,0.06712329,1.08068493,0.28257104,1,0.5663
Transcription factor,CXXC1,42,0.06763285,1.08888889,0.28913616,1,0.5771
Transcription factor,BDP1,1,0.2,3.22,0.30372461,1,0.5845
Transcription factor,CBX2,1,0.2,3.22,0.30372461,1,0.5845
Transcription factor,CBX8,1,0.2,3.22,0.30372461,1,0.5845
Transcription factor,DEK,1,0.2,3.22,0.30372461,1,0.5845
Transcription factor,KLF2,1,0.2,3.22,0.30372461,1,0.5845
Transcription factor,MKL1,1,0.2,3.22,0.30372461,1,0.5845
Transcription factor,MYBL2,9,0.07826087,1.26,0.29755141,1,0.5845
Transcription factor,MYOCD,1,0.2,3.22,0.30372461,1,0.5845
Transcription factor,ZZZ3,1,0.2,3.22,0.30372461,1,0.5845
Transcription factor,SIX2,10,0.07633588,1.22900763,0.30740264,1,0.5892
Transcription factor,CNOT3,41,0.06721311,1.08213115,0.30881545,1,0.5896
Transcription factor,KDM2B,61,0.0655914,1.05602151,0.31562111,1,0.6002
Transcription factor,KDM5D,3,0.09677419,1.55806452,0.31980876,1,0.6017
Transcription factor,NFE2L2,13,0.07303371,1.1758427,0.321997,1,0.6017
Transcription factor,TBL1XR1,9,0.07627119,1.2279661,0.32266258,1,0.6017
Transcription factor,XBP1,7,0.07954545,1.28068182,0.31853304,1,0.6017
Transcription factor,ZMIZ1,4,0.08888889,1.43111111,0.32112556,1,0.6017
Transcription factor,FOXM1,16,0.07111111,1.14488889,0.33066472,1,0.6021
Transcription factor,HNF4G,14,0.07216495,1.16185567,0.32761515,1,0.6021
Transcription factor,MEF2A,9,0.07563025,1.21764706,0.33113475,1,0.6021
Transcription factor,NANOG,10,0.07462687,1.20149254,0.33128184,1,0.6021
Transcription factor,NFYB,27,0.06835443,1.10050633,0.32984682,1,0.6021
Transcription factor,RBBP5,26,0.06842105,1.10157895,0.33281366,1,0.6021
Transcription factor,RBPJ,12,0.07317073,1.17804878,0.33008259,1,0.6021
Transcription factor,TAF3,31,0.06768559,1.08973799,0.33209954,1,0.6021
Transcription factor,KLF1,51,0.06580645,1.05948387,0.33520536,1,0.6041
Transcription factor,BRPF3,22,0.06896552,1.11034483,0.33920297,1,0.6091
Transcription factor,BCL6,31,0.0673913,1.085,0.3416209,1,0.6111
Transcription factor,IRF1,44,0.06606607,1.06366366,0.34498506,1,0.6124
Transcription factor,KAT2B,1,0.16666667,2.68333333,0.34456188,1,0.6124
Transcription factor,TRIM25,40,0.06633499,1.06799337,0.34672272,1,0.6124
Transcription factor,ZMYND8,10,0.07352941,1.18382353,0.34741455,1,0.6124
Transcription factor,ARID3A,5,0.08064516,1.2983871,0.35413466,1,0.6206
Transcription factor,EOMES,13,0.07103825,1.14371585,0.35720691,1,0.6206
Transcription factor,GABPA,50,0.06544503,1.05366492,0.35575732,1,0.6206
Transcription factor,HDAC2,18,0.06923077,1.11461538,0.35664041,1,0.6206
Transcription factor,ELK3,4,0.08333333,1.34166667,0.36208881,1,0.6268
Transcription factor,CEBPA,22,0.06769231,1.08984615,0.37254899,1,0.6273
Transcription factor,E2F6,50,0.06510417,1.04817708,0.37271614,1,0.6273
Transcription factor,FOXA1,79,0.06401945,1.03071313,0.37108517,1,0.6273
Transcription factor,MXI1,46,0.06543385,1.05348506,0.36741141,1,0.6273
Transcription factor,NCOA1,3,0.08823529,1.42058824,0.36908102,1,0.6273
Transcription factor,OTX2,10,0.07246377,1.16666667,0.36368277,1,0.6273
Transcription factor,POU5F1,6,0.07692308,1.23846154,0.36754588,1,0.6273
Transcription factor,ZFX,2,0.1,1.61,0.37188046,1,0.6273
Transcription factor,PHOX2B,4,0.08163265,1.31428571,0.37575696,1,0.6285
Transcription factor,SP1,63,0.06448311,1.0381781,0.37605485,1,0.6285
Transcription factor,TNFSF12,1,0.14285714,2.3,0.38302279,1,0.6379
Transcription factor,RUNX2,8,0.07272727,1.17090909,0.38521013,1,0.6394
Transcription factor,APOBEC3B,4,0.08,1.288,0.38940445,1,0.6441
Transcription factor,BMI1,2,0.0952381,1.53333333,0.39323992,1,0.646
Transcription factor,NIPBL,11,0.07006369,1.12802548,0.39293042,1,0.646
Transcription factor,PIAS1,5,0.07575758,1.21969697,0.40200523,1,0.6582
Transcription factor,SMC3,31,0.06553911,1.0551797,0.40526506,1,0.6613
Transcription factor,ATF4,6,0.07317073,1.17804878,0.41073201,1,0.6642
Transcription factor,KAT7,15,0.06756757,1.08783784,0.41270903,1,0.6642
Transcription factor,NFKB2,10,0.06944444,1.11805556,0.41300099,1,0.6642
Transcription factor,NR1H2,5,0.07462687,1.20149254,0.41394537,1,0.6642
Transcription factor,ZNF263,26,0.06582278,1.05974684,0.41125547,1,0.6642
Transcription factor,PDX1,3,0.08108108,1.30540541,0.41773825,1,0.6659
Transcription factor,TP73,7,0.07142857,1.15,0.41719697,1,0.6659
Transcription factor,MBD3,52,0.06403941,1.03103448,0.42476736,1,0.6749
Transcription factor,BRD4,71,0.06344951,1.02153709,0.43295513,1,0.6768
Transcription factor,HOXA4,11,0.06790123,1.09320988,0.43226613,1,0.6768
Transcription factor,ING5,8,0.06956522,1.12,0.43145423,1,0.6768
Transcription factor,SOX9,8,0.06956522,1.12,0.43145423,1,0.6768
Transcription factor,ZBTB17,6,0.07142857,1.15,0.43227274,1,0.6768
Transcription factor,NPAT,2,0.08695652,1.4,0.43494077,1,0.6777
Transcription factor,RUNX1,73,0.06336806,1.02022569,0.43644507,1,0.6778
Transcription factor,ARNT,4,0.07407407,1.19259259,0.44348806,1,0.6859
Transcription factor,BRF1,1,0.11111111,1.78888889,0.45335647,1,0.6859
Transcription factor,DUX4,11,0.06666667,1.07333333,0.45587187,1,0.6859
Transcription factor,EP300,79,0.06309904,1.01589457,0.45137088,1,0.6859
Transcription factor,ETV1,8,0.06837607,1.1008547,0.44990754,1,0.6859
Transcription factor,FOSL2,24,0.06469003,1.04150943,0.45342471,1,0.6859
Transcription factor,GRHL3,1,0.11111111,1.78888889,0.45335647,1,0.6859
Transcription factor,HEXIM1,3,0.07692308,1.23846154,0.44952342,1,0.6859
Transcription factor,NR2F1,25,0.06459948,1.04005168,0.45383905,1,0.6859
Transcription factor,ZKSCAN1,2,0.08333333,1.34166667,0.45521778,1,0.6859
Transcription factor,RARA,36,0.06371681,1.02584071,0.46586183,1,0.6988
Transcription factor,MYCN,47,0.06334232,1.01981132,0.46967967,1,0.7023
Transcription factor,CDK6,2,0.08,1.288,0.47507764,1,0.7039
Transcription factor,JMJD1C,18,0.06451613,1.03870968,0.47477227,1,0.7039
Transcription factor,SMARCC1,2,0.08,1.288,0.47507764,1,0.7039
Transcription factor,CREBBP,28,0.06363636,1.02454545,0.48105582,1,0.7084
Transcription factor,TRIM24,29,0.06359649,1.02390351,0.48099158,1,0.7084
Transcription factor,BCL3,8,0.0661157,1.06446281,0.48652977,1,0.7143
Transcription factor,ATF1,12,0.06451613,1.03870968,0.49474907,1,0.7191
Transcription factor,MAF,7,0.06603774,1.06320755,0.49579973,1,0.7191
Transcription factor,MED12,2,0.07692308,1.23846154,0.49449956,1,0.7191
Transcription factor,PPARG,23,0.06353591,1.02292818,0.49250735,1,0.7191
Transcription factor,MED1,52,0.06272618,1.00989144,0.49996762,1,0.723
Transcription factor,TCF12,58,0.06263499,1.00842333,0.50283863,1,0.725
Transcription factor,CDC73,1,0.09090909,1.46363636,0.5157315,1,0.7306
Transcription factor,CTCF,73,0.06239316,1.00452991,0.51697918,1,0.7306
Transcription factor,ELK1,8,0.06451613,1.03870968,0.5136099,1,0.7306
Transcription factor,GLI2,3,0.06976744,1.12325581,0.51086227,1,0.7306
Transcription factor,RBL1,1,0.09090909,1.46363636,0.5157315,1,0.7306
Transcription factor,SFPQ,19,0.06291391,1.01291391,0.51757223,1,0.7306
Transcription factor,STAT3,45,0.0625,1.00625,0.51545476,1,0.7306
Transcription factor,TCF3,62,0.06237425,1.00422535,0.51940764,1,0.7306
Transcription factor,TFAP4,44,0.06241135,1.0048227,0.52035384,1,0.7306
Transcription factor,NKX3-1,3,0.06818182,1.09772727,0.52564649,1,0.7338
Transcription factor,RUNX1T1,18,0.06271777,1.0097561,0.52449485,1,0.7338
Transcription factor,CDK9,34,0.06215722,1.00073126,0.53433861,1,0.7438
Transcription factor,ING2,21,0.06213018,1.00029586,0.53931277,1,0.7443
Transcription factor,LYL1,9,0.06293706,1.01328671,0.53761456,1,0.7443
Transcription factor,TAF7,12,0.0625,1.00625,0.53903809,1,0.7443
Transcription factor,BANP,1,0.08333333,1.34166667,0.54421788,1,0.7489
Transcription factor,BACH1,7,0.0625,1.00625,0.55268901,1,0.7519
Transcription factor,ESRRA,9,0.06206897,0.99931034,0.55416869,1,0.7519
Transcription factor,HOXA6,11,0.06214689,1.00056497,0.54858194,1,0.7519
Transcription factor,STAT2,2,0.06896552,1.11034483,0.54998481,1,0.7519
Transcription factor,ZNF76,5,0.06329114,1.01898734,0.5521914,1,0.7519
Transcription factor,AML1-ETO,6,0.06185567,0.99587629,0.56713118,1,0.7531
Transcription factor,BACH2,3,0.06382979,1.02765957,0.56849782,1,0.7531
Transcription factor,DNMT3A,12,0.06153846,0.99076923,0.56074135,1,0.7531
Transcription factor,KMT2A,39,0.06141732,0.9888189,0.56882289,1,0.7531
Transcription factor,MED26,4,0.06349206,1.02222222,0.55883567,1,0.7531
Transcription factor,NELFA,17,0.0615942,0.99166667,0.55672423,1,0.7531
Transcription factor,NEUROD1,1,0.07692308,1.23846154,0.57104174,1,0.7531
Transcription factor,NR2C2,5,0.0617284,0.99382716,0.57379331,1,0.7531
Transcription factor,SCML2,2,0.06666667,1.07333333,0.56751796,1,0.7531
Transcription factor,TBL1Y,1,0.07692308,1.23846154,0.57104174,1,0.7531
Transcription factor,THAP11,5,0.0617284,0.99382716,0.57379331,1,0.7531
Transcription factor,YAP1,18,0.06101695,0.98237288,0.57311666,1,0.7531
Transcription factor,ELF1,53,0.06141367,0.98876014,0.57885986,1,0.7577
Transcription factor,CHD8,51,0.06129808,0.98689904,0.58404892,1,0.7623
Transcription factor,HCFC1,26,0.06074766,0.97803738,0.58707608,1,0.7623
Transcription factor,RAD21,55,0.0613155,0.98717949,0.58673345,1,0.7623
Transcription factor,BRD1,8,0.06015038,0.96842105,0.59175919,1,0.764
Transcription factor,CEBPZ,1,0.07142857,1.15,0.59629935,1,0.764
Transcription factor,JMJD6,1,0.07142857,1.15,0.59629935,1,0.764
Transcription factor,MTA3,3,0.06122449,0.98571429,0.59573236,1,0.764
Transcription factor,PRAME,3,0.06122449,0.98571429,0.59573236,1,0.764
Transcription factor,PGR,19,0.05993691,0.96498423,0.605875,1,0.7742
Transcription factor,ASH2L,1,0.06666667,1.07333333,0.62008142,1,0.784
Transcription factor,EBF1,34,0.06017699,0.96884956,0.61972179,1,0.784
Transcription factor,NOTCH1,50,0.06067961,0.97694175,0.6188922,1,0.784
Transcription factor,SMARCB1,2,0.06060606,0.97575758,0.61715782,1,0.784
Transcription factor,MYB,39,0.06018519,0.96898148,0.62746018,1,0.7913
Transcription factor,AHR,7,0.05737705,0.92377049,0.64088844,1,0.7957
Transcription factor,LMNB1,1,0.0625,1.00625,0.64247347,1,0.7957
Transcription factor,LMO2,6,0.05714286,0.92,0.6422322,1,0.7957
Transcription factor,LMTK3,1,0.0625,1.00625,0.64247347,1,0.7957
Transcription factor,POU2F2,20,0.05899705,0.94985251,0.63644766,1,0.7957
Transcription factor,PSIP1,2,0.05882353,0.94705882,0.63271471,1,0.7957
Transcription factor,ZNF217,1,0.0625,1.00625,0.64247347,1,0.7957
Transcription factor,FOXA2,32,0.05947955,0.95762082,0.64544042,1,0.7973
Transcription factor,TLE3,4,0.05633803,0.90704225,0.64987415,1,0.8007
Transcription factor,NKX2-1,12,0.05741627,0.92440191,0.65638219,1,0.8067
Transcription factor,PITX3,2,0.05555556,0.89444444,0.66235603,1,0.812
Transcription factor,HNF1A,2,0.05405405,0.87027027,0.6764494,1,0.8272
Transcription factor,AFF1,1,0.05555556,0.89444444,0.68340532,1,0.8314
Transcription factor,WDR5,47,0.05941846,0.95663717,0.68274248,1,0.8314
Transcription factor,DDX5,8,0.05517241,0.88827586,0.68580136,1,0.8317
Transcription factor,FOXO1,27,0.05806452,0.93483871,0.6870725,1,0.8317
Transcription factor,NFYC,4,0.05333333,0.85866667,0.69051764,1,0.8338
Transcription factor,KLF11,29,0.058,0.9338,0.6957948,1,0.838
Transcription factor,NR1H3,9,0.05487805,0.88353659,0.69748415,1,0.838
Transcription factor,BPTF,3,0.05172414,0.83275862,0.70406528,1,0.8406
Transcription factor,CDK12,1,0.05263158,0.84736842,0.70209266,1,0.8406
Transcription factor,KDM1A,14,0.05577689,0.89800797,0.70487373,1,0.8406
Transcription factor,SETD1A,29,0.05765408,0.92823062,0.70875292,1,0.8432
Transcription factor,T,1,0.05,0.805,0.71968561,1,0.8541
Transcription factor,GATA6,10,0.05376344,0.8655914,0.72707137,1,0.8586
Transcription factor,KMT2C,7,0.05263158,0.84736842,0.72557188,1,0.8586
Transcription factor,RXRA,8,0.05263158,0.84736842,0.73411097,1,0.8648
Transcription factor,DMC1,5,0.05050505,0.81313131,0.74089121,1,0.865
Transcription factor,NCAPG2,1,0.04761905,0.76666667,0.73624776,1,0.865
Transcription factor,SIN3A,45,0.05821475,0.93725744,0.73807276,1,0.865
Transcription factor,TP63,15,0.05454545,0.87818182,0.74139393,1,0.865
Transcription factor,TEAD1,7,0.05147059,0.82867647,0.74617919,1,0.8684
Transcription factor,SP2,17,0.05466238,0.88006431,0.74997369,1,0.8708
Transcription factor,ELL2,3,0.04761905,0.76666667,0.7540576,1,0.8734
Transcription factor,MYH11,14,0.05363985,0.86360153,0.75740232,1,0.8752
Transcription factor,INTS11,4,0.04819277,0.77590361,0.76160996,1,0.8779
Transcription factor,ATF3,19,0.05382436,0.86657224,0.78410866,1,0.882
Transcription factor,BRD2,2,0.04255319,0.68510638,0.79253346,1,0.882
Transcription factor,C17orf49,1,0.04166667,0.67083333,0.7803315,1,0.882
Transcription factor,CDK7,10,0.05076142,0.81725888,0.78857712,1,0.882
Transcription factor,DAXX,7,0.04929577,0.79366197,0.78412071,1,0.882
Transcription factor,ELF3,15,0.05300353,0.85335689,0.77950882,1,0.882
Transcription factor,GATAD1,2,0.04347826,0.7,0.78281672,1,0.882
Transcription factor,IKZF1,6,0.04878049,0.78536585,0.78036386,1,0.882
Transcription factor,KDM4A,11,0.05188679,0.83537736,0.77444363,1,0.882
Transcription factor,KDM6A,5,0.04854369,0.7815534,0.77074346,1,0.882
Transcription factor,KDM6B,3,0.04477612,0.72089552,0.78903177,1,0.882
Transcription factor,RB1,3,0.04477612,0.72089552,0.78903177,1,0.882
Transcription factor,REST,35,0.05654281,0.91033926,0.77379035,1,0.882
Transcription factor,SRF,36,0.05616225,0.90421217,0.79247111,1,0.882
Transcription factor,TCF7L2,29,0.05534351,0.89103053,0.79075423,1,0.882
Transcription factor,VDR,9,0.04972376,0.80055249,0.79866377,1,0.8868
Transcription factor,CDK8,20,0.05333333,0.85866667,0.80324897,1,0.8898
Transcription factor,CCND2,1,0.03846154,0.61923077,0.80557676,1,0.8904
Transcription factor,CBFB,21,0.05316456,0.85594937,0.8137398,1,0.8929
Transcription factor,CBX3,32,0.05517241,0.88827586,0.81038975,1,0.8929
Transcription factor,CTBP1,1,0.03703704,0.5962963,0.81709813,1,0.8929
Transcription factor,DNMT3B,1,0.03703704,0.5962963,0.81709813,1,0.8929
Transcription factor,SUZ12,1,0.03703704,0.5962963,0.81709813,1,0.8929
Transcription factor,PRDM11,3,0.04225352,0.68028169,0.8198255,1,0.8939
Transcription factor,FGFR1,30,0.05444646,0.87658802,0.82464196,1,0.8971
Transcription factor,GREB1,1,0.03571429,0.575,0.82794212,1,0.8971
Transcription factor,INTS3,5,0.04464286,0.71875,0.82836487,1,0.8971
Transcription factor,SPI1,61,0.05754717,0.92650943,0.83034564,1,0.8972
Transcription factor,EZH2,31,0.05429072,0.87408056,0.8343649,1,0.8995
Transcription factor,ZFP42,1,0.03448276,0.55517241,0.83814822,1,0.9016
Transcription factor,MYOD1,16,0.05015674,0.80752351,0.85188104,1,0.9144
Transcription factor,NFATC1,11,0.04782609,0.77,0.85441105,1,0.915
Transcription factor,PBX3,23,0.05191874,0.83589165,0.8577337,1,0.9166
Transcription factor,SIX5,9,0.04591837,0.73928571,0.86541939,1,0.9227
Transcription factor,ETV5,2,0.03508772,0.56491228,0.87050267,1,0.9261
Transcription factor,CDX2,1,0.02777778,0.44722222,0.89460068,1,0.9455
Transcription factor,FOSL1,14,0.04713805,0.75892256,0.89375037,1,0.9455
Transcription factor,KMT2D,33,0.05254777,0.84601911,0.89355692,1,0.9455
Transcription factor,HSF1,7,0.04191617,0.6748503,0.89818674,1,0.9472
Transcription factor,LMNA,6,0.04054054,0.6527027,0.90088812,1,0.948
Transcription factor,DCP1A,1,0.02631579,0.42368421,0.90678357,1,0.9514
Transcription factor,HDAC3,2,0.03125,0.503125,0.90807406,1,0.9514
Transcription factor,TCF21,2,0.03076923,0.49538462,0.91253146,1,0.954
Transcription factor,BATF,8,0.04102564,0.66051282,0.92230755,1,0.9561
Transcription factor,FOS,33,0.05132193,0.82628305,0.92205118,1,0.9561
Transcription factor,MAPK1,1,0.025,0.4025,0.91756864,1,0.9561
Transcription factor,PRDM14,1,0.02439024,0.39268293,0.92248747,1,0.9561
Transcription factor,BCLAF1,5,0.03597122,0.57913669,0.93499498,1,0.967
Transcription factor,GTF2F1,2,0.02702703,0.43513514,0.94449992,1,0.9748
Transcription factor,BCL11A,2,0.02597403,0.41818182,0.95244176,1,0.9788
Transcription factor,SUMO1,3,0.02970297,0.47821782,0.95078217,1,0.9788
Transcription factor,TCF4,22,0.04592902,0.7394572,0.95954114,1,0.984
Transcription factor,GMEB2,1,0.01886792,0.30377358,0.96304681,1,0.9854
Transcription factor,GRHL2,12,0.04,0.644,0.96703489,1,0.9854
Transcription factor,JARID2,6,0.03333333,0.53666667,0.96964527,1,0.9854
Transcription factor,SMC1A,37,0.04953146,0.79745649,0.9662783,1,0.9854
Transcription factor,SP4,1,0.01754386,0.28245614,0.97116175,1,0.9854
Transcription factor,ELK4,1,0.01538462,0.24769231,0.98246391,1,0.9935
Transcription factor,HAND2,2,0.02040816,0.32857143,0.98438989,1,0.9935
Transcription factor,JUNB,1,0.01388889,0.22361111,0.98867173,1,0.9935
Transcription factor,MEF2B,2,0.01923077,0.30961538,0.98875027,1,0.9935
Transcription factor,THAP1,1,0.01369863,0.22054795,0.98935864,1,0.9935
Transcription factor,TET2,10,0.0308642,0.49691358,0.99700073,1,0.9991
Transcription factor,IRF4,3,0.01657459,0.26685083,0.99918089,1,0.9992